Id,Nombre,Apellidos,Celular,Pais
1,Ana,Gomez,3105551212,Colombia
2,Juan,Perez,3115551212,Mexico
3,Maria,Martinez,3125551212,Argentina
4,Pedro,Lopez,3135551212,Espana
5,Camila,Ramirez,3145551212,Chile
6,David,Garcia,3155551212,Peru
7,Sofia,Hernandez,3165551212,Ecuador
8,Santiago,Gonzalez,3175551212,Venezuela
9,Laura,Rodriguez,3185551212,Republica Dominicana
10,Alejandro,Flores,3195551212,Costa Rica
11,Valentina,Alvarez,3205551212,Guatemala
12,Miguel,Diaz,3215551212,El Salvador
13,Isabella,Mendoza,3225551212,Honduras
14,Daniel,Castro,3235551212,Nicaragua
15,Gabriela,Ortega,3245551212,Panama
